{"mean": [0.4696919620037079, 0.26898571848869324, -0.2269047647714615, -8.44957071421959e-07, -5.608015271718614e-06, 0.4639303982257843, 0.2852088510990143, -0.19287285208702087, -9.565828804625198e-07, -5.4996326070977375e-06, 0.5233787894248962, 0.5487492084503174, -0.18739177286624908, -7.642789228157199e-07, -1.3992504364068736e-06, 0.4071228802204132, 0.5420325994491577, -0.18346381187438965, -1.7043506659319974e-06, -3.337914904477657e-06, 0.4883613586425781, 0.5851060152053833, -0.0029836096800863743, -1.2161423228462809e-06, -2.8159063276689267e-06, 0.4376167356967926, 0.5820335149765015, 0.003121371613815427, -1.7474181959187263e-06, -3.0529929517797427e-06], "std": [0.08037830889225006, 0.2166016697883606, 0.28643152117729187, 0.012955466285347939, 0.036989957094192505, 0.07589257508516312, 0.21172910928726196, 0.265325129032135, 0.012033279053866863, 0.03466951847076416, 0.12122839689254761, 0.26284080743789673, 0.2557865381240845, 0.02449413575232029, 0.05213603749871254, 0.1056399866938591, 0.25562942028045654, 0.27741917967796326, 0.024994339793920517, 0.05284211039543152, 0.07725707441568375, 0.2582419514656067, 0.05815034732222557, 0.014560566283762455, 0.0527491569519043, 0.0685795322060585, 0.2556934952735901, 0.058235421776771545, 0.01390837226063013, 0.052237920463085175]}